"productid","title","price","content","img","cat"
"1",사과,"1000",사과설명,"https://github.com/shinseunguk/androidjava/blob/master/image/%EC%B1%84%EC%86%8C,%EA%B3%BC%EC%9D%BC(%EA%B2%AC%EA%B3%BC%EB%A5%98,%EC%8C%80)/1veg.png?raw=true",veg
"10",애호박,"7000",애호박 설명,"https://github.com/shinseunguk/androidjava/blob/master/image/%EC%B1%84%EC%86%8C,%EA%B3%BC%EC%9D%BC(%EA%B2%AC%EA%B3%BC%EB%A5%98,%EC%8C%80)/10veg.png?raw=true",veg
"11",수산물1,"8000",수산물1 설명,https://github.com/shinseunguk/androidjava/blob/master/image/%EC%88%98%EC%82%B0%EB%AC%BC/1fish.png?raw=true,fish
"12",수산물2,"8100",수산물2 설명,https://github.com/shinseunguk/androidjava/blob/master/image/%EC%88%98%EC%82%B0%EB%AC%BC/2fish.png?raw=true,fish
"13",수산물3,"8200",수산물3 설명,https://github.com/shinseunguk/androidjava/blob/master/image/%EC%88%98%EC%82%B0%EB%AC%BC/3fish.png?raw=true,fish
"14",수산물4,"8300",수산물4 설명,https://github.com/shinseunguk/androidjava/blob/master/image/%EC%88%98%EC%82%B0%EB%AC%BC/4fish.png?raw=true,fish
"15",수산물5,"8400",수산물5 설명,https://github.com/shinseunguk/androidjava/blob/master/image/%EC%88%98%EC%82%B0%EB%AC%BC/5fish.png?raw=true,fish
"16",수산물6,"8500",수산물6 설명,https://github.com/shinseunguk/androidjava/blob/master/image/%EC%88%98%EC%82%B0%EB%AC%BC/6fish.png?raw=true,fish
"17",수산물7,"8600",수산물7 설명,https://github.com/shinseunguk/androidjava/blob/master/image/%EC%88%98%EC%82%B0%EB%AC%BC/7fish.png?raw=true,fish
"18",수산물8,"8700",수산물8 설명,https://github.com/shinseunguk/androidjava/blob/master/image/%EC%88%98%EC%82%B0%EB%AC%BC/8fish.png?raw=true,fish
"19",수산물9,"8800",수산물9 설명,https://github.com/shinseunguk/androidjava/blob/master/image/%EC%88%98%EC%82%B0%EB%AC%BC/9fish.png?raw=true,fish
"2",블루베리,"8000",블루베리 설명,"https://github.com/shinseunguk/androidjava/blob/master/image/%EC%B1%84%EC%86%8C,%EA%B3%BC%EC%9D%BC(%EA%B2%AC%EA%B3%BC%EB%A5%98,%EC%8C%80)/2veg.png?raw=true",veg
"20",정육1,"5220",정육1 설명,https://github.com/shinseunguk/androidjava/blob/master/image/%EC%A0%95%EC%9C%A1/1meat.png?raw=true,meat
"21",정육2,"5083",정육2 설명,https://github.com/shinseunguk/androidjava/blob/master/image/%EC%A0%95%EC%9C%A1/2meat.png?raw=true,meat
"22",정육3,"6030",정육3 설명,https://github.com/shinseunguk/androidjava/blob/master/image/%EC%A0%95%EC%9C%A1/3meat.png?raw=true,meat
"23",정육4,"6730",정육4 설명,https://github.com/shinseunguk/androidjava/blob/master/image/%EC%A0%95%EC%9C%A1/4meat.png?raw=true,meat
"24",정육5,"8050",정육5 설명,https://github.com/shinseunguk/androidjava/blob/master/image/%EC%A0%95%EC%9C%A1/5meat.png?raw=true,meat
"25",정육6,"9950",정육6 설명,https://github.com/shinseunguk/androidjava/blob/master/image/%EC%A0%95%EC%9C%A1/6meat.png?raw=true,meat
"26",정육7,"8060",정육7 설명,https://github.com/shinseunguk/androidjava/blob/master/image/%EC%A0%95%EC%9C%A1/7meat.png?raw=true,meat
"27",정육8,"2832",정육8 설명,https://github.com/shinseunguk/androidjava/blob/master/image/%EC%A0%95%EC%9C%A1/8meat.png?raw=true,meat
"28",정육9,"1012",정육9 설명,https://github.com/shinseunguk/androidjava/blob/master/image/%EC%A0%95%EC%9C%A1/9meat.png?raw=true,meat
"29",양념1,"6000",양념1 설명,https://github.com/shinseunguk/androidjava/blob/master/image/%EC%96%91%EB%85%90/1sea.png?raw=true,seasoning
"3",석류,"6000",석류 설명,"https://github.com/shinseunguk/androidjava/blob/master/image/%EC%B1%84%EC%86%8C,%EA%B3%BC%EC%9D%BC(%EA%B2%AC%EA%B3%BC%EB%A5%98,%EC%8C%80)/3veg.png?raw=true",veg
"30",양념2,"6250",양념2 설명,https://github.com/shinseunguk/androidjava/blob/master/image/%EC%96%91%EB%85%90/2sea.png?raw=true,seasoning
"31",양념3,"5500",양념3 설명,https://github.com/shinseunguk/androidjava/blob/master/image/%EC%96%91%EB%85%90/3sea.png?raw=true,seasoning
"32",양념4,"4020",양념4 설명,https://github.com/shinseunguk/androidjava/blob/master/image/%EC%96%91%EB%85%90/4sea.png?raw=true,seasoning
"33",양념5,"3200",양념5 설명,https://github.com/shinseunguk/androidjava/blob/master/image/%EC%96%91%EB%85%90/5sea.png?raw=true,seasoning
"34",양념6,"2080",양념6 설명,https://github.com/shinseunguk/androidjava/blob/master/image/%EC%96%91%EB%85%90/6sea.png?raw=true,seasoning
"35",양념7,"7800",양념7 설명,https://github.com/shinseunguk/androidjava/blob/master/image/%EC%96%91%EB%85%90/7sea.png?raw=true,seasoning
"36",양념8,"9020",양념8 설명,https://github.com/shinseunguk/androidjava/blob/master/image/%EC%96%91%EB%85%90/8sea.png?raw=true,seasoning
"37",양념9,"3080",양념9 설명,https://github.com/shinseunguk/androidjava/blob/master/image/%EC%96%91%EB%85%90/9sea.png?raw=true,seasoning
"4",콩나물,"5000",콩나물 설명,"https://github.com/shinseunguk/androidjava/blob/master/image/%EC%B1%84%EC%86%8C,%EA%B3%BC%EC%9D%BC(%EA%B2%AC%EA%B3%BC%EB%A5%98,%EC%8C%80)/4veg.png?raw=true",veg
"5",호박,"2000",호박 설명,"https://github.com/shinseunguk/androidjava/blob/master/image/%EC%B1%84%EC%86%8C,%EA%B3%BC%EC%9D%BC(%EA%B2%AC%EA%B3%BC%EB%A5%98,%EC%8C%80)/5veg.png?raw=true",veg
"6",쌀,"5000",쌀 설명,"https://github.com/shinseunguk/androidjava/blob/master/image/%EC%B1%84%EC%86%8C,%EA%B3%BC%EC%9D%BC(%EA%B2%AC%EA%B3%BC%EB%A5%98,%EC%8C%80)/6veg.png?raw=true",veg
"7",쌀2,"5500",쌀2 설명,"https://github.com/shinseunguk/androidjava/blob/master/image/%EC%B1%84%EC%86%8C,%EA%B3%BC%EC%9D%BC(%EA%B2%AC%EA%B3%BC%EB%A5%98,%EC%8C%80)/7veg.png?raw=true",veg
"8",완두콩,"8000",완두콩 설명,"https://github.com/shinseunguk/androidjava/blob/master/image/%EC%B1%84%EC%86%8C,%EA%B3%BC%EC%9D%BC(%EA%B2%AC%EA%B3%BC%EB%A5%98,%EC%8C%80)/8veg.png?raw=true",veg
"9",호두,"6000",호두 설명,"https://github.com/shinseunguk/androidjava/blob/master/image/%EC%B1%84%EC%86%8C,%EA%B3%BC%EC%9D%BC(%EA%B2%AC%EA%B3%BC%EB%A5%98,%EC%8C%80)/9veg.png?raw=true",veg
